instructionType,instructionSymbol,action,stimText,stimVideo,stimAudio,movement,congruency,thisN,thisTrialN,thisRepN,keyBlockResponseTraining.keys,keyBlockResponseTraining.rt,keyBlockResponseTraining.duration,keyBlockResponse.keys,keyBlockResponse.rt,keyBlockResponse.duration,trialsTraining.thisRepN,trialsTraining.thisTrialN,trialsTraining.thisN,trialsTraining.thisIndex,blockLoop.thisRepN,blockLoop.thisTrialN,blockLoop.thisN,blockLoop.thisIndex,trialsLoop.thisRepN,trialsLoop.thisTrialN,trialsLoop.thisN,trialsLoop.thisIndex,pause.thisRepN,pause.thisTrialN,pause.thisN,pause.thisIndex,oneThirdLoop.thisRepN,oneThirdLoop.thisTrialN,oneThirdLoop.thisN,oneThirdLoop.thisIndex,twoThirdsLoop.thisRepN,twoThirdsLoop.thisTrialN,twoThirdsLoop.thisN,twoThirdsLoop.thisIndex,thisRow.t,notes,welcomeScreen.started,textWelcome.started,keyWelcomeResponse.started,welcomeScreen.stopped,keyWelcomeResponse.keys,keyWelcomeResponse.rt,keyWelcomeResponse.duration,explanationScreen.started,textExplanation.started,keyEplanation.started,explanationScreen.stopped,keyEplanation.keys,keyEplanation.rt,keyEplanation.duration,explInstructSpeak.started,image.started,textInstructSpeak.started,keyInstructSpeak_continue.started,textInstructSpeak_continue.started,explInstructSpeak.stopped,keyInstructSpeak_continue.keys,keyInstructSpeak_continue.rt,keyInstructSpeak_continue.duration,explInstructHand.started,textInstructHand.started,imageInstructHand.started,keyInstructHand.started,textInstructHand_continue.started,explInstructHand.stopped,keyInstructHand.keys,keyInstructHand.rt,keyInstructHand.duration,explInstructBoth.started,imageInstructBoth.started,textInstructBoth.started,keyResponseInstructBoth.started,textInstructBoth_continue.started,explInstructBoth.stopped,keyResponseInstructBoth.keys,keyResponseInstructBoth.rt,keyResponseInstructBoth.duration,blockTraining.started,textBlockTraining.started,keyBlockResponseTraining.started,blockTraining.stopped,trialsTraining.keyBlockResponseTraining.keys,trialsTraining.keyBlockResponseTraining.rt,trialsTraining.keyBlockResponseTraining.duration,image_aspect,trialTraining.started,iti_Training.started,iti_Training.stopped,textStart_Training.started,textStart_Training.stopped,movieGesture_Training.started,audioStim_Training.started,audioStim_Training.stopped,movieGesture_Training.stopped,instructionImage_Training.started,instructionImage_Training.stopped,actionCue_Training.started,audioGoCue_Training.started,audioGoCue_Training.stopped,actionCue_Training.stopped,trialTraining.stopped,blockStart.started,textBlockStart.started,keyBlockResponse.started,blockStart.stopped,blockLoop.keyBlockResponse.keys,blockLoop.keyBlockResponse.rt,blockLoop.keyBlockResponse.duration,trial.started,iti.started,iti.stopped,textStart.started,textStart.stopped,movieGesture.started,audioStimuli.started,audioStimuli.stopped,movieGesture.stopped,instructionImage.started,instructionImage.stopped,actionCue.started,audioGoCue.started,audioGoCue.stopped,actionCue.stopped,trial.stopped,participant,session,date,expName,expVersion,psychopyVersion,frameRate,expStart,
,,,,,,,,,,,,,,,,,,,,,,,,,,,,,,,,,,,,,,,,,,,0.042359200000646524,0.04371809999975085,0.04371809999975085,27.70490659999996,space,27.657268799999656,None,,,,,,,,,,,,,,,,,,,,,,,,,,,,,,,,,,,,,,,,,,,,,,,,,,,,,,,,,,,,,,,,,,,,,,,,,,,,,,,,,,BCI02,001,2025-12-12_12h42.57.795,exp_cospeech_congruency,,2025.1.1,60.03993856698204,2025-12-12 12h43.06.338691 -0600,
,,,,,,,,,,,,,,,,,,,,,,,,,,,,,,,,,,,,,,,,,,,,,,,,,,27.70493449999958,27.719617099999596,27.719617099999596,45.28674099999989,space,17.555268699999942,None,,,,,,,,,,,,,,,,,,,,,,,,,,,,,,,,,,,,,,,,,,,,,,,,,,,,,,,,,,,,,,,,,,,,,,,,,,,BCI02,001,2025-12-12_12h42.57.795,exp_cospeech_congruency,,2025.1.1,60.03993856698204,2025-12-12 12h43.06.338691 -0600,
,,,,,,,,,,,,,,,,,,,,,,,,,,,,,,,,,,,,,,,,,,,,,,,,,,,,,,,,,45.286767300000065,45.30299390000073,45.30299390000073,45.30299390000073,45.30299390000073,47.60320090000096,space,2.296848800000589,None,,,,,,,,,,,,,,,,,,,,,,,,,,,,,,,,,,,,,,,,,,,,,,,,,,,,,,,,,,,,,,,,,,BCI02,001,2025-12-12_12h42.57.795,exp_cospeech_congruency,,2025.1.1,60.03993856698204,2025-12-12 12h43.06.338691 -0600,
,,,,,,,,,,,,,,,,,,,,,,,,,,,,,,,,,,,,,,,,,,,,,,,,,,,,,,,,,,,,,,,,,,47.60322769999948,47.61966890000076,47.61966890000076,47.61966890000076,47.61966890000076,48.886496799999804,space,1.262662499999351,None,,,,,,,,,,,,,,,,,,,,,,,,,,,,,,,,,,,,,,,,,,,,,,,,,,,,,,,,,BCI02,001,2025-12-12_12h42.57.795,exp_cospeech_congruency,,2025.1.1,60.03993856698204,2025-12-12 12h43.06.338691 -0600,
,,,,,,,,,,,,,,,,,,,,,,,,,,,,,,,,,,,,,,,,,,,,,,,,,,,,,,,,,,,,,,,,,,,,,,,,,,,48.8867967999995,48.90301390000059,48.90301390000059,48.90301390000059,48.90301390000059,50.0865302000002,space,1.1717050000006566,None,,,,,,,,,,,,,,,,,,,,,,,,,,,,,,,,,,,,,,,,,,,,,,,,BCI02,001,2025-12-12_12h42.57.795,exp_cospeech_congruency,,2025.1.1,60.03993856698204,2025-12-12 12h43.06.338691 -0600,
gesture,images/hand.png,go,"rising",videos/falling_clip.mp4,audios/rising.wav,arm,incongruent,0,0,0,space,7.861681000000317,None,,,,0,0,0,0,,,,,,,,,,,,,,,,,,,,,50.10306020000098,,,,,,,,,,,,,,,,,,,,,,,,,,,,,,,,,,,,,,,,,,,50.09933149999961,50.10306020000098,50.10306020000098,57.9699154000009,space,7.861681000000317,None,1.0,60.52810099999988,60.539720700000544,60.539720700000544,60.539720700000544,60.970123900000544,60.970123900000544,61.469694966667035,62.53643639999973,66.75066909999987,66.75066909999987,66.75296879999951,66.75296879999951,66.76733576666653,67.7698347000005,69.96981270000106,69.95324129999972,,,,,,,,,,,,,,,,,,,,,,,,BCI02,001,2025-12-12_12h42.57.795,exp_cospeech_congruency,,2025.1.1,60.03993856698204,2025-12-12 12h43.06.338691 -0600,
speech_gesture,images/speak_gesture1.png,go,"me",videos/me_clip.mp4,audios/me.wav,hand_wrist,congruent,1,1,0,space,9.580565399999614,None,,,,0,1,1,1,,,,,,,,,,,,,,,,,,,,,69.96981270000106,,,,,,,,,,,,,,,,,,,,,,,,,,,,,,,,,,,,,,,,,,,69.95333700000083,69.96981270000106,69.96981270000106,79.55334000000039,space,9.580565399999614,None,2.7417218543046356,82.67608590000054,82.69145109999954,82.69145109999954,82.69145109999954,82.69145109999954,82.69145109999954,83.05314116666729,84.10311840000031,88.2091550999994,88.2091550999994,88.22005630000058,88.22005630000058,88.22582176666607,89.23820280000109,91.5532476999997,91.53667760000098,,,,,,,,,,,,,,,,,,,,,,,,BCI02,001,2025-12-12_12h42.57.795,exp_cospeech_congruency,,2025.1.1,60.03993856698204,2025-12-12 12h43.06.338691 -0600,
gesture,images/hand.png,go,"falling",videos/rising_clip.mp4,audios/falling.wav,arm,incongruent,2,2,0,space,14.353858399999808,None,,,,0,2,2,2,,,,,,,,,,,,,,,,,,,,,91.5532476999997,,,,,,,,,,,,,,,,,,,,,,,,,,,,,,,,,,,,,,,,,,,91.536780800001,91.5532476999997,91.5532476999997,105.9201420999998,space,14.353858399999808,None,1.0,109.02609289999964,109.03859180000109,109.03859180000109,109.03859180000109,109.03859180000109,109.03859180000109,109.42018376666626,110.48649119999936,114.62928599999941,114.63657170000079,114.63657170000079,114.63657170000079,114.64595266666608,115.65371539999978,117.92041160000008,117.90387639999972,,,,,,,,,,,,,,,,,,,,,,,,BCI02,001,2025-12-12_12h42.57.795,exp_cospeech_congruency,,2025.1.1,60.03993856698204,2025-12-12 12h43.06.338691 -0600,
speech,images/speak.png,go,"you",videos/you_clip.mp4,audios/you.wav,hand_wrist,congruent,3,3,0,space,3.0313650999996753,None,,,,0,3,3,3,,,,,,,,,,,,,,,,,,,,,117.92041160000008,,,,,,,,,,,,,,,,,,,,,,,,,,,,,,,,,,,,,,,,,,,117.90397389999998,117.92041160000008,117.92041160000008,120.95385850000093,space,3.0313650999996753,None,1.0,124.03810180000073,124.05329060000076,124.05329060000076,124.05329060000076,124.05329060000076,124.05329060000076,124.45322646666706,125.52031519999946,129.56081260000065,129.56081260000065,129.5699611,129.5699611,129.57747926666732,130.5871256999999,132.95395280000048,132.93729279999934,,,,,,,,,,,,,,,,,,,,,,,,BCI02,001,2025-12-12_12h42.57.795,exp_cospeech_congruency,,2025.1.1,60.03993856698204,2025-12-12 12h43.06.338691 -0600,
speech,images/speak.png,go,"rising",videos/rising_clip.mp4,audios/rising.wav,arm,congruent,4,4,0,space,5.398754100000588,None,,,,0,4,4,4,,,,,,,,,,,,,,,,,,,,,132.95395280000048,,,,,,,,,,,,,,,,,,,,,,,,,,,,,,,,,,,,,,,,,,,132.93739610000011,132.95395280000048,132.95395280000048,138.35410410000077,space,5.398754100000588,None,1.0,141.47482540000055,141.49005600000055,141.49005600000055,141.49005600000055,141.49005600000055,141.49005600000055,141.85335056666761,142.9203770999993,146.91601679999985,146.92008600000008,146.92008600000008,146.92008600000008,146.93268346666653,147.937817,150.3539333000008,150.33742239999992,,,,,,,,,,,,,,,,,,,,,,,,BCI02,001,2025-12-12_12h42.57.795,exp_cospeech_congruency,,2025.1.1,60.03993856698204,2025-12-12 12h43.06.338691 -0600,
gesture,images/hand.png,go,"falling",videos/falling_clip.mp4,audios/falling.wav,arm,congruent,5,5,0,space,518.7214460999985,None,,,,0,5,5,5,,,,,,,,,,,,,,,,,,,,,150.3539333000008,,,,,,,,,,,,,,,,,,,,,,,,,,,,,,,,,,,,,,,,,,,150.33752819999972,150.3539333000008,150.3539333000008,669.0901501000008,space,518.7214460999985,None,1.0,671.9856385000003,671.9933096999994,671.9933096999994,671.9933096999994,672.0902048999997,672.0902048999997,672.5899200666665,673.6560468000007,678.0300616000004,678.0300616000004,678.0394567000003,678.0394567000003,678.0467282666671,679.0565833,681.0894002999994,681.0728849000006,,,,,,,,,,,,,,,,,,,,,,,,BCI02,001,2025-12-12_12h42.57.795,exp_cospeech_congruency,,2025.1.1,60.03993856698204,2025-12-12 12h43.06.338691 -0600,
gesture,images/hand.png,go,"me",videos/me_clip.mp4,audios/me.wav,hand_wrist,congruent,6,6,0,space,0.5867527999998856,None,,,,0,6,6,6,,,,,,,,,,,,,,,,,,,,,681.0894002999994,,,,,,,,,,,,,,,,,,,,,,,,,,,,,,,,,,,,,,,,,,,681.0729986999995,681.0894002999994,681.0894002999994,681.6901063999994,space,0.5867527999998856,None,1.0,684.6186051000004,684.6253173999994,684.6253173999994,684.6253173999994,684.6936733000002,684.6936733000002,685.1893937666666,686.239977700001,690.6169991000006,690.6169991000006,690.622752700001,690.622752700001,690.6336657666673,691.6394467000009,693.6899967999998,693.6734372999999,,,,,,,,,,,,,,,,,,,,,,,,BCI02,001,2025-12-12_12h42.57.795,exp_cospeech_congruency,,2025.1.1,60.03993856698204,2025-12-12 12h43.06.338691 -0600,
speech_gesture,images/speak_gesture1.png,nogo,"you",videos/me_clip.mp4,audios/you.wav,hand_wrist,incongruent,7,7,0,space,0.684915900001215,None,,,,0,7,7,7,,,,,,,,,,,,,,,,,,,,,693.6899967999998,,,,,,,,,,,,,,,,,,,,,,,,,,,,,,,,,,,,,,,,,,,693.6735461000007,693.6899967999998,693.6899967999998,694.3901987000008,space,0.684915900001215,None,2.7417218543046356,697.3088628999994,697.3189542,697.3189542,697.3189542,697.3926305000005,697.3926305000005,697.8901924666663,698.9561749000004,703.4248320000006,703.4248320000006,703.4428162999993,703.4428162999993,703.4414986666673,704.4606617000009,706.3901824999994,706.3734664000003,,,,,,,,,,,,,,,,,,,,,,,,BCI02,001,2025-12-12_12h42.57.795,exp_cospeech_congruency,,2025.1.1,60.03993856698204,2025-12-12 12h43.06.338691 -0600,
speech_gesture,images/speak_gesture1.png,go,"falling",videos/rising_clip.mp4,audios/falling.wav,arm,incongruent,8,8,0,space,0.8397777000009228,None,,,,0,8,8,8,,,,,,,,,,,,,,,,,,,,,706.3901824999994,,,,,,,,,,,,,,,,,,,,,,,,,,,,,,,,,,,,,,,,,,,706.3735658999994,706.3901824999994,706.3901824999994,707.2401807000006,space,0.8397777000009228,None,2.7417218543046356,710.0671765999996,710.0747317000005,710.0747317000005,710.0747317000005,710.2438323999995,710.2438323999995,710.7395741666662,711.8062453000002,715.7419757000007,715.7563133000003,715.7563133000003,715.7563133000003,715.7586423666673,716.7734598999996,719.2400835000008,719.2236591000001,,,,,,,,,,,,,,,,,,,,,,,,BCI02,001,2025-12-12_12h42.57.795,exp_cospeech_congruency,,2025.1.1,60.03993856698204,2025-12-12 12h43.06.338691 -0600,
speech_gesture,images/speak_gesture1.png,go,"rising",videos/rising_clip.mp4,audios/rising.wav,arm,congruent,9,9,0,space,1.3036788999997952,None,,,,0,9,9,9,,,,,,,,,,,,,,,,,,,,,719.2400835000008,,,,,,,,,,,,,,,,,,,,,,,,,,,,,,,,,,,,,,,,,,,719.2237678000001,719.2400835000008,719.2400835000008,720.5568901999995,space,1.3036788999997952,None,2.7417218543046356,723.4707712,723.4810751999994,723.4810751999994,723.4810751999994,723.5637528999996,723.5637528999996,724.0564116666667,725.1396844999999,729.3000723999994,729.3063244999994,729.3063244999994,729.3063244999994,729.3167390666661,730.3233244000003,732.5564795000009,732.5400105000008,,,,,,,,,,,,,,,,,,,,,,,,BCI02,001,2025-12-12_12h42.57.795,exp_cospeech_congruency,,2025.1.1,60.03993856698204,2025-12-12 12h43.06.338691 -0600,
speech,images/speak.png,go,"falling",videos/falling_clip.mp4,audios/falling.wav,arm,congruent,10,10,0,space,3.106953300000896,None,,,,0,10,10,10,,,,,,,,,,,,,,,,,,,,,732.5564795000009,,,,,,,,,,,,,,,,,,,,,,,,,,,,,,,,,,,,,,,,,,,732.540118500001,732.5564795000009,732.5564795000009,735.6733760000006,space,3.106953300000896,None,1.0,738.5994076000006,738.6091054000008,738.6091054000008,738.6091054000008,738.675317700001,738.675317700001,739.1731989666662,740.2398525999997,744.6920069000007,744.6920069000007,744.7072263999999,744.7072263999999,744.7086735666674,745.7231756000001,747.6732250000005,747.6566929,,,,,,,,,,,,,,,,,,,,,,,,BCI02,001,2025-12-12_12h42.57.795,exp_cospeech_congruency,,2025.1.1,60.03993856698204,2025-12-12 12h43.06.338691 -0600,
speech,images/speak.png,go,"you",videos/me_clip.mp4,audios/you.wav,hand_wrist,incongruent,11,11,0,space,5.038359799998943,None,,,,0,11,11,11,,,,,,,,,,,,,,,,,,,,,747.6732250000005,,,,,,,,,,,,,,,,,,,,,,,,,,,,,,,,,,,,,,,,,,,747.6567909999994,747.6732250000005,747.6732250000005,752.723398600001,space,5.038359799998943,None,1.0,755.6448297000006,755.654706700001,755.654706700001,755.654706700001,755.7320722000004,755.7320722000004,756.2231310666668,757.2897792000003,761.5126350999999,761.5126350999999,761.5232419000004,761.5232419000004,761.5293017666665,762.5426041999999,764.7236775000001,764.7071322000011,,,,,,,,,,,,,,,,,,,,,,,,BCI02,001,2025-12-12_12h42.57.795,exp_cospeech_congruency,,2025.1.1,60.03993856698204,2025-12-12 12h43.06.338691 -0600,
speech_gesture,images/speak_gesture1.png,go,"you",videos/me_clip.mp4,audios/you.wav,hand_wrist,incongruent,12,12,0,space,8.590433800000028,None,,,,0,12,12,12,,,,,,,,,,,,,,,,,,,,,764.7236775000001,,,,,,,,,,,,,,,,,,,,,,,,,,,,,,,,,,,,,,,,,,,764.7072367000001,764.7236775000001,764.7236775000001,773.3238113999996,space,8.590433800000028,None,2.7417218543046356,776.2020573000009,776.2143324000008,776.2143324000008,776.2143324000008,776.3241135000007,776.3241135000007,776.8237073666662,777.8899729999994,782.1440813999998,782.1440813999998,782.1610000000001,782.1610000000001,782.1607480666664,783.1738910999993,785.3237674000011,785.3067009000006,,,,,,,,,,,,,,,,,,,,,,,,BCI02,001,2025-12-12_12h42.57.795,exp_cospeech_congruency,,2025.1.1,60.03993856698204,2025-12-12 12h43.06.338691 -0600,
speech_gesture,images/speak_gesture1.png,go,"you",videos/you_clip.mp4,audios/you.wav,hand_wrist,congruent,13,13,0,space,13.259168799999316,None,,,,0,13,13,13,,,,,,,,,,,,,,,,,,,,,785.3237674000011,,,,,,,,,,,,,,,,,,,,,,,,,,,,,,,,,,,,,,,,,,,785.3068027000008,785.3237674000011,785.3237674000011,798.5901322999998,space,13.259168799999316,None,2.7417218543046356,801.2687344999995,801.2796130000006,801.2796130000006,801.2796130000006,801.5907281,801.5907281,802.0899942666676,803.1566698000006,807.6113461000004,807.6234194000008,807.6234194000008,807.6234194000008,807.6280127666671,808.6412154000009,810.5905684000008,810.5740470000001,,,,,,,,,,,,,,,,,,,,,,,,BCI02,001,2025-12-12_12h42.57.795,exp_cospeech_congruency,,2025.1.1,60.03993856698204,2025-12-12 12h43.06.338691 -0600,
speech_gesture,images/speak_gesture1.png,nogo,"falling",videos/rising_clip.mp4,audios/falling.wav,arm,incongruent,14,14,0,space,10.042794799999683,None,,,,0,14,14,14,,,,,,,,,,,,,,,,,,,,,810.5905684000008,,,,,,,,,,,,,,,,,,,,,,,,,,,,,,,,,,,,,,,,,,,810.5741462999995,810.5905684000008,810.5905684000008,820.6407942000005,space,10.042794799999683,None,2.7417218543046356,823.3475118999995,823.3552775000007,823.3552775000007,823.3552775000007,823.6402092000008,823.6402092000008,824.1401641666673,825.2074154000002,829.0352089000007,829.0406241000001,829.1442673000001,829.1442673000001,829.1441577666667,830.1573162999994,832.6406403000001,832.6240815000001,,,,,,,,,,,,,,,,,,,,,,,,BCI02,001,2025-12-12_12h42.57.795,exp_cospeech_congruency,,2025.1.1,60.03993856698204,2025-12-12 12h43.06.338691 -0600,
gesture,images/hand.png,go,"me",videos/you_clip.mp4,audios/me.wav,hand_wrist,incongruent,15,15,0,space,1.9887806999995519,None,,,,0,15,15,15,,,,,,,,,,,,,,,,,,,,,832.6406403000001,,,,,,,,,,,,,,,,,,,,,,,,,,,,,,,,,,,,,,,,,,,832.6241833000004,832.6406403000001,832.6406403000001,834.6407851999993,space,1.9887806999995519,None,1.0,837.4981561999994,837.5068305999994,837.5068305999994,837.5068305999994,837.645988100001,837.645988100001,838.1401464666671,839.1902281000002,843.6792451000001,843.690288400001,843.690288400001,843.690288400001,843.6959117666668,844.7073672999995,846.6407564000001,846.6241124999997,,,,,,,,,,,,,,,,,,,,,,,,BCI02,001,2025-12-12_12h42.57.795,exp_cospeech_congruency,,2025.1.1,60.03993856698204,2025-12-12 12h43.06.338691 -0600,
speech_gesture,images/speak_gesture1.png,go,"rising",videos/falling_clip.mp4,audios/rising.wav,arm,incongruent,16,16,0,space,5.112610399999539,None,,,,0,16,16,16,,,,,,,,,,,,,,,,,,,,,846.6407564000001,,,,,,,,,,,,,,,,,,,,,,,,,,,,,,,,,,,,,,,,,,,846.6242127999994,846.6407564000001,846.6407564000001,851.7575159000007,space,5.112610399999539,None,2.7417218543046356,854.4189017000008,854.4272904999998,854.4272904999998,854.4272904999998,854.7573912999997,854.7573912999997,855.2570343666669,856.3237972000006,860.9100125999994,860.9100125999994,860.9269433000009,860.9269433000009,860.926679266666,861.9438578000008,863.7574948000001,863.7408579000003,,,,,,,,,,,,,,,,,,,,,,,,BCI02,001,2025-12-12_12h42.57.795,exp_cospeech_congruency,,2025.1.1,60.03993856698204,2025-12-12 12h43.06.338691 -0600,
speech,images/speak.png,go,"me",videos/you_clip.mp4,audios/me.wav,hand_wrist,incongruent,17,17,0,space,12.31022320000011,None,,,,0,17,17,17,,,,,,,,,,,,,,,,,,,,,863.7574948000001,,,,,,,,,,,,,,,,,,,,,,,,,,,,,,,,,,,,,,,,,,,863.7409633000007,863.7574948000001,863.7574948000001,876.0745064000002,space,12.31022320000011,None,1.0,879.0578325999995,879.0718796000001,879.0718796000001,879.0718796000001,879.0718796000001,879.0718796000001,879.5737094666677,880.6237394,884.8404181999995,884.8416897999996,884.8416897999996,884.8416897999996,884.8570848666661,885.8604102999998,888.0738086000001,888.0571947000008,,,,,,,,,,,,,,,,,,,,,,,,BCI02,001,2025-12-12_12h42.57.795,exp_cospeech_congruency,,2025.1.1,60.03993856698204,2025-12-12 12h43.06.338691 -0600,
gesture,images/hand.png,go,"me",videos/you_clip.mp4,audios/me.wav,hand_wrist,incongruent,0,0,0,,,,space,298.6924438999995,None,,,,,0,0,0,0,0,0,0,0,,,,,,,,,,,,,1186.9560941,,,,,,,,,,,,,,,,,,,,,,,,,,,,,,,,,,,,,,,,,,,,,,,,,,1.0,,,,,,,,,,,,,,,,,888.0598246999998,888.0738086000001,888.0738086000001,1186.7759022999999,space,298.6924438999995,None,1186.9542457000007,1186.9560941,1188.7752445000006,1188.7752445000006,1189.776116000001,1189.776116000001,1190.2759657666668,1191.3258320999994,1192.8824504000004,1192.8920240999996,1195.2757624999995,1195.2757624999995,1195.275743866667,1196.2764951000008,1198.9572996000006,1198.7592148999993,BCI02,001,2025-12-12_12h42.57.795,exp_cospeech_congruency,,2025.1.1,60.03993856698204,2025-12-12 12h43.06.338691 -0600,
speech,images/speak.png,go,"falling",videos/rising_clip.mp4,audios/falling.wav,arm,incongruent,1,1,0,,,,space,298.6924438999995,None,,,,,0,0,0,0,0,1,1,1,,,,,,,,,,,,,1198.9572996000006,,,,,,,,,,,,,,,,,,,,,,,,,,,,,,,,,,,,,,,,,,,,,,,,,,1.0,,,,,,,,,,,,,,,,,,,,,,,,1198.9561138999998,1198.9572996000006,1200.7757880999998,1200.7757880999998,1201.7760295000007,1201.7760295000007,1202.2753570666666,1203.3426302999997,1204.6848300000001,1204.7758219999996,1207.2758539000006,1207.2758539000006,1207.2758541666665,1208.2758443000002,1210.9376114999995,1210.7593099000005,BCI02,001,2025-12-12_12h42.57.795,exp_cospeech_congruency,,2025.1.1,60.03993856698204,2025-12-12 12h43.06.338691 -0600,
speech,images/speak.png,go,"you",videos/you_clip.mp4,audios/you.wav,hand_wrist,congruent,2,2,0,,,,space,298.6924438999995,None,,,,,0,0,0,0,0,2,2,2,,,,,,,,,,,,,1210.9376114999995,,,,,,,,,,,,,,,,,,,,,,,,,,,,,,,,,,,,,,,,,,,,,,,,,,1.0,,,,,,,,,,,,,,,,,,,,,,,,1210.9364869,1210.9376114999995,1212.7759084000008,1212.7759084000008,1213.7756613000001,1213.7756613000001,1214.2759362666677,1215.3427157999995,1216.8895838999997,1216.8920603999995,1219.2754034000009,1219.2754034000009,1219.2758847666666,1220.276985300001,1223.0638135000008,1222.759345800001,BCI02,001,2025-12-12_12h42.57.795,exp_cospeech_congruency,,2025.1.1,60.03993856698204,2025-12-12 12h43.06.338691 -0600,
speech_gesture,images/speak_gesture1.png,go,"rising",videos/rising_clip.mp4,audios/rising.wav,arm,congruent,3,3,0,,,,space,298.6924438999995,None,,,,,0,0,0,0,0,3,3,3,,,,,,,,,,,,,1223.0638135000008,,,,,,,,,,,,,,,,,,,,,,,,,,,,,,,,,,,,,,,,,,,,,,,,,,2.7417218543046356,,,,,,,,,,,,,,,,,,,,,,,,1223.0608706000003,1223.0638135000008,1224.7759053000009,1224.7759053000009,1225.7756515,1225.7756515,1226.2754552666668,1227.3426295000008,1228.6600610000005,1228.7759888,1231.2759554000004,1231.2759554000004,1231.2759739666674,1232.2754728,1234.943830100001,1234.7593969000009,BCI02,001,2025-12-12_12h42.57.795,exp_cospeech_congruency,,2025.1.1,60.03993856698204,2025-12-12 12h43.06.338691 -0600,
gesture,images/hand.png,nogo,"you",videos/you_clip.mp4,audios/you.wav,hand_wrist,congruent,4,4,0,,,,space,298.6924438999995,None,,,,,0,0,0,0,0,4,4,4,,,,,,,,,,,,,1234.943830100001,,,,,,,,,,,,,,,,,,,,,,,,,,,,,,,,,,,,,,,,,,,,,,,,,,1.0,,,,,,,,,,,,,,,,,,,,,,,,1234.942560200001,1234.943830100001,1236.7760087999995,1236.7760087999995,1237.7763068000004,1237.7763068000004,1238.2755123666668,1239.3426899999995,1240.8865736999996,1240.8921905999996,1243.2760503999998,1243.2760503999998,1243.2760297666666,1244.2755340000003,1246.942960100001,1246.7595394,BCI02,001,2025-12-12_12h42.57.795,exp_cospeech_congruency,,2025.1.1,60.03993856698204,2025-12-12 12h43.06.338691 -0600,
gesture,images/hand.png,go,"you",videos/you_clip.mp4,audios/you.wav,hand_wrist,congruent,5,5,0,,,,space,298.6924438999995,None,,,,,0,0,0,0,0,5,5,5,,,,,,,,,,,,,1246.942960100001,,,,,,,,,,,,,,,,,,,,,,,,,,,,,,,,,,,,,,,,,,,,,,,,,,1.0,,,,,,,,,,,,,,,,,,,,,,,,1246.9417959000002,1246.942960100001,1248.7762167,1248.7762167,1249.7763598000001,1249.7763598000001,1250.2760846666663,1251.3427484000003,1252.9321032999997,1252.9422452,1255.2760872,1255.2760872,1255.2760525666674,1256.2756599000004,1258.9299962999994,1258.759592800001,BCI02,001,2025-12-12_12h42.57.795,exp_cospeech_congruency,,2025.1.1,60.03993856698204,2025-12-12 12h43.06.338691 -0600,
speech,images/speak.png,go,"you",videos/me_clip.mp4,audios/you.wav,hand_wrist,incongruent,6,6,0,,,,space,298.6924438999995,None,,,,,0,0,0,0,0,6,6,6,,,,,,,,,,,,,1258.9299962999994,,,,,,,,,,,,,,,,,,,,,,,,,,,,,,,,,,,,,,,,,,,,,,,,,,1.0,,,,,,,,,,,,,,,,,,,,,,,,1258.9286451000007,1258.9299962999994,1260.7761050000008,1260.7761050000008,1261.7762160000002,1261.7762160000002,1262.275615466666,1263.3429417999996,1267.8768411,1267.8768411,1267.8924903999996,1267.8924903999996,1267.8935077666667,1268.8953378999995,1270.9353890000002,1270.7596106,BCI02,001,2025-12-12_12h42.57.795,exp_cospeech_congruency,,2025.1.1,60.03993856698204,2025-12-12 12h43.06.338691 -0600,
speech,images/speak.png,go,"falling",videos/falling_clip.mp4,audios/falling.wav,arm,congruent,7,7,0,,,,space,298.6924438999995,None,,,,,0,0,0,0,0,7,7,7,,,,,,,,,,,,,1270.9353890000002,,,,,,,,,,,,,,,,,,,,,,,,,,,,,,,,,,,,,,,,,,,,,,,,,,1.0,,,,,,,,,,,,,,,,,,,,,,,,1270.9340766000005,1270.9353890000002,1272.776155900001,1272.776155900001,1273.7765381999998,1273.7765381999998,1274.2761538666675,1275.3423444,1276.9073425999995,1276.9073425999995,1279.2756924999994,1279.2756924999994,1279.2762104666674,1280.276262200001,1282.933755,1282.7596525000008,BCI02,001,2025-12-12_12h42.57.795,exp_cospeech_congruency,,2025.1.1,60.03993856698204,2025-12-12 12h43.06.338691 -0600,
speech_gesture,images/speak_gesture1.png,go,"rising",videos/falling_clip.mp4,audios/rising.wav,arm,incongruent,8,8,0,,,,space,298.6924438999995,None,,,,,0,0,0,0,0,8,8,8,,,,,,,,,,,,,1282.933755,,,,,,,,,,,,,,,,,,,,,,,,,,,,,,,,,,,,,,,,,,,,,,,,,,2.7417218543046356,,,,,,,,,,,,,,,,,,,,,,,,1282.9322183000004,1282.933755,1284.7764716000001,1284.7764716000001,1285.776715,1285.776715,1286.2764194666672,1287.3424116999995,1288.8896860000004,1288.8896860000004,1291.276460000001,1291.276460000001,1291.276272766667,1292.2763601000006,1294.9885493000002,1294.7597592000002,BCI02,001,2025-12-12_12h42.57.795,exp_cospeech_congruency,,2025.1.1,60.03993856698204,2025-12-12 12h43.06.338691 -0600,
speech,images/speak.png,go,"you",videos/me_clip.mp4,audios/you.wav,hand_wrist,incongruent,9,9,0,,,,space,298.6924438999995,None,,,,,0,0,0,0,0,9,9,9,,,,,,,,,,,,,1294.9885493000002,,,,,,,,,,,,,,,,,,,,,,,,,,,,,,,,,,,,,,,,,,,,,,,,,,1.0,,,,,,,,,,,,,,,,,,,,,,,,1294.987312700001,1294.9885493000002,1296.7771021000008,1296.7771021000008,1297.7766486,1297.7766486,1298.2758813666662,1299.3431263000002,1305.5929369999994,1305.5929369999994,1305.6088724,1305.6088724,1305.609603666666,1306.6131652000004,1306.9384455,1306.7597260000002,BCI02,001,2025-12-12_12h42.57.795,exp_cospeech_congruency,,2025.1.1,60.03993856698204,2025-12-12 12h43.06.338691 -0600,
gesture,images/hand.png,go,"me",videos/me_clip.mp4,audios/me.wav,hand_wrist,congruent,10,10,0,,,,space,298.6924438999995,None,,,,,0,0,0,0,0,10,10,10,,,,,,,,,,,,,1306.9384455,,,,,,,,,,,,,,,,,,,,,,,,,,,,,,,,,,,,,,,,,,,,,,,,,,1.0,,,,,,,,,,,,,,,,,,,,,,,,1306.937298500001,1306.9384455,1308.7764033000003,1308.7764033000003,1309.7767198000001,1309.7767198000001,1310.276618666667,1311.3262900000009,1312.9118397000002,1312.9118397000002,1315.2764444000004,1315.2764444000004,1315.2763875666662,1316.2759244999997,1318.9798943000005,1318.7597932000008,BCI02,001,2025-12-12_12h42.57.795,exp_cospeech_congruency,,2025.1.1,60.03993856698204,2025-12-12 12h43.06.338691 -0600,
speech_gesture,images/speak_gesture1.png,go,"falling",videos/rising_clip.mp4,audios/falling.wav,arm,incongruent,11,11,0,,,,space,298.6924438999995,None,,,,,0,0,0,0,0,11,11,11,,,,,,,,,,,,,1318.9798943000005,,,,,,,,,,,,,,,,,,,,,,,,,,,,,,,,,,,,,,,,,,,,,,,,,,2.7417218543046356,,,,,,,,,,,,,,,,,,,,,,,,1318.9783143999994,1318.9798943000005,1320.776372800001,1320.776372800001,1321.7766453999993,1321.7766453999993,1322.275987766667,1323.3430910000006,1324.7378824999996,1324.7758938999996,1327.2764461999996,1327.2764461999996,1327.2763828666668,1328.276399100001,1330.9582025,1330.7598818000006,BCI02,001,2025-12-12_12h42.57.795,exp_cospeech_congruency,,2025.1.1,60.03993856698204,2025-12-12 12h43.06.338691 -0600,
speech_gesture,images/speak_gesture1.png,nogo,"rising",videos/falling_clip.mp4,audios/rising.wav,arm,incongruent,12,12,0,,,,space,298.6924438999995,None,,,,,0,0,0,0,0,12,12,12,,,,,,,,,,,,,1330.9582025,,,,,,,,,,,,,,,,,,,,,,,,,,,,,,,,,,,,,,,,,,,,,,,,,,2.7417218543046356,,,,,,,,,,,,,,,,,,,,,,,,1330.9568636000004,1330.9582025,1332.776480800001,1332.776480800001,1333.7762480000001,1333.7762480000001,1334.2765955666675,1335.3431574000006,1339.5506396,1339.5506396,1339.5594328999996,1339.5594328999996,1339.5673062666667,1340.5759242999993,,1342.759990300001,BCI02,001,2025-12-12_12h42.57.795,exp_cospeech_congruency,,2025.1.1,60.03993856698204,2025-12-12 12h43.06.338691 -0600,
speech,images/speak.png,go,"rising",videos/rising_clip.mp4,audios/rising.wav,arm,congruent,13,13,0,,,,,,,,,,,,,,,0,13,13,13,,,,,,,,,,,,,,,,,,,,,,,,,,,,,,,,,,,,,,,,,,,,,,,,,,,,,,,,,,,,,,,1.0,,,,,,,,,,,,,,,,,,,,,,,,,,,,,,,,,,,,,,,,,,,,,,,,
